<?xml version="1.0" encoding="UTF-8"?>
<beans xmlns="http://www.springframework.org/schema/beans"
       xmlns:xsi="http://www.w3.org/2001/XMLSchema-instance"
       xmlns:cache="http://www.springframework.org/schema/cache"
       xsi:schemaLocation="
        http://www.springframework.org/schema/beans
        http://www.springframework.org/schema/beans/spring-beans.xsd
        http://www.springframework.org/schema/cache
        http://www.springframework.org/schema/cache/spring-cache.xsd">

    <cache:annotation-driven/>

    <bean id="caffeineCacheManager"
          class="org.springframework.cache.caffeine.CaffeineCacheManager">
        <property name="caffeine">
            <bean class="com.github.benmanes.caffeine.cache.Caffeine">
                <constructor-arg name="initialCapacity" value="100"/>
                <constructor-arg name="maximumSize" value="1000"/>
                <constructor-arg name="expireAfterAccess" value="10m"/>
            </bean>
        </property>
    </bean>
</beans>